user;month;x_f1;x_f2;x_f3
bta5_6;1;0.308448107;0.265869583;0.425682311
bta5_6;2;0.346472008;0.279518444;0.374009548
bta5_6;3;0.37138171;0.262377586;0.366240704
bta5_6;4;0.304723211;0.300856522;0.394420266
bta5_6;5;0.313722795;0.24647554;0.439801665
bta5_6;6;0.362568966;0.232789479;0.404641556
bta5_6;7;0.311687475;0.267277425;0.4210351
bta5_6;8;0.359335692;0.233759288;0.40690502
bta5_6;9;0.334091183;0.26319839;0.402710427
bta5_6;10;0.31696279;0.308747395;0.374289815
bta5_6;11;0.359902289;0.247828334;0.392269376
bta5_6;12;0.35956027;0.229183104;0.411256626
bta4_2;1;0.301342538;0.237846683;0.460810779
bta4_2;2;0.312406103;0.266853197;0.4207407
bta4_2;3;0.321445975;0.261393655;0.41716037
bta4_2;4;0.310701802;0.239661199;0.449636999
bta4_2;5;0.292558788;0.225155677;0.482285536
bta4_2;6;0.295381246;0.231747746;0.472871008
bta4_2;7;0.316267916;0.252523563;0.431208522
bta4_2;8;0.29946868;0.241610738;0.458920582
bta4_2;9;0.315917929;0.265388226;0.418693845
bta4_2;10;0.290526683;0.278545559;0.430927758
bta4_2;11;0.334694227;0.248322312;0.416983461
bta4_2;12;0.372225918;0.211991668;0.415782414
bta3_9;1;0.636785934;0.190464964;0.172749102
bta3_9;2;0.636436332;0.238326137;0.125237531
bta3_9;3;0.644040115;0.22376925;0.132190635
bta3_9;4;0.558592021;0.238986135;0.202421844
bta3_9;5;0.538019199;0.234519172;0.227461629
bta3_9;6;0.573891471;0.240451581;0.185656948
bta3_9;7;0.569727571;0.250996574;0.179275855
bta3_9;8;0.552624235;0.241990712;0.205385053
bta3_9;9;0.580991889;0.224120668;0.194887443
bta3_9;10;0.551785261;0.244591973;0.203622766
bta3_9;11;0.64744847;0.205376617;0.147174913
bta3_9;12;0.649386528;0.178777921;0.171835551
bta5_8;1;0.485269015;0.194276401;0.320454584
bta5_8;2;0.525827422;0.214193025;0.259979553
bta5_8;3;0.536074727;0.215352532;0.248572741
bta5_8;4;0.535686134;0.203046738;0.261267128
bta5_8;5;0.49579748;0.209966015;0.294236504
bta5_8;6;0.569993251;0.182675942;0.247330807
bta5_8;7;0.630586702;0.164400043;0.205013255
bta5_8;8;0.459642855;0.213794393;0.326562752
bta5_8;9;0.514554758;0.207865772;0.277579469
bta5_8;10;0.480775433;0.21772256;0.301502008
bta5_8;11;0.523044836;0.195647761;0.281307403
bta5_8;12;0.530231672;0.184317124;0.285451204
dom3_2;1;0.277172056;0.253671086;0.469156858
dom3_2;2;0.297063218;0.270480656;0.432456126
dom3_2;3;0.319798683;0.276311375;0.403889942
dom3_2;4;0.285063749;0.24007647;0.474859782
dom3_2;5;0.236129474;0.213572881;0.550297645
dom3_2;6;0.279011777;0.256465247;0.464522975
dom3_2;7;0.317361621;0.275508002;0.407130377
dom3_2;8;0.262651531;0.237815933;0.499532536
dom3_2;9;0.332780167;0.251449307;0.415770527
dom3_2;10;0.277507158;0.282591345;0.439901497
dom3_2;11;0.29464575;0.263302734;0.442051515
dom3_2;12;0.304362981;0.235613075;0.460023944
bta4_9;1;0.260281607;0.238687714;0.501030679
bta4_9;2;0.278428106;0.265117594;0.4564543
bta4_9;3;0.27348625;0.259732408;0.466781342
bta4_9;4;0.24940824;0.233011236;0.517580524
bta4_9;5;0.243943871;0.216045383;0.540010746
bta4_9;6;0.258940112;0.218592392;0.522467496
bta4_9;7;0.24440563;0.241140138;0.514454232
bta4_9;8;0.204450292;0.230102775;0.565446933
bta4_9;9;0.227830278;0.275501169;0.496668554
bta4_9;10;0.230709996;0.287116759;0.482173245
bta4_9;11;0.272993082;0.264075474;0.462931443
bta4_9;12;0.28242122;0.240633156;0.476945624
dom3_6;1;0.260674658;0.351473639;0.387851703
dom3_6;2;0.24160217;0.443924946;0.314472885
dom3_6;3;0.227339891;0.478671038;0.293989071
dom3_6;4;0.20936458;0.461398495;0.329236925
dom3_6;5;0.189828172;0.452867904;0.357303924
dom3_6;6;0.197634535;0.418837252;0.383528214
dom3_6;7;0.174894511;0.484341158;0.340764331
dom3_6;8;0.41426424;0.279024752;0.306711009
dom3_6;9;0.247225641;0.428221417;0.324552943
dom3_6;10;0.228797376;0.490005082;0.281197542
dom3_6;11;0.254561076;0.411930249;0.333508675
dom3_6;12;0.296178278;0.338252473;0.365569249
bta6l_c1;1;0.675677527;0.123691697;0.200630776
bta6l_c1;2;0.725989685;0.119766786;0.154243529
bta6l_c1;3;0.752615505;0.104884769;0.142499726
bta6l_c1;4;0.710778608;0.111119785;0.178101607
bta6l_c1;5;0.746914759;0.098855782;0.154229459
bta6l_c1;6;0.578672213;0.155651775;0.265676012
bta6l_c1;7;0.323565132;0.237183111;0.439251757
bta6l_c1;8;0.366758159;0.216412001;0.41682984
bta6l_c1;9;0.649047647;0.156452578;0.194499775
bta6l_c1;10;0.672035856;0.137916749;0.190047395
bta6l_c1;11;0.772037917;0.098963388;0.128998695
bta6l_c1;12;0.682349351;0.116642689;0.20100796
bta3_8;5;0.712831951;0.227940801;0.059227248
bta3_8;6;0.781958715;0.182119361;0.035921924
bta3_8;7;0.804419165;0.171849283;0.023731552
bta3_8;8;0.833781589;0.132942634;0.033275777
bta3_8;9;0.793967017;0.17616088;0.029872103
bta1_2;1;0.336406946;0.224373751;0.439219302
bta1_2;2;0.378735348;0.240383028;0.380881625
bta1_2;3;0.369247262;0.249483115;0.381269622
bta1_2;4;0.357017123;0.234917587;0.40806529
bta1_2;5;0.343778944;0.232016054;0.424205002
bta1_2;6;0.34577973;0.24913712;0.40508315
bta1_2;7;0.346545342;0.273288094;0.380166564
bta1_2;8;0.348221161;0.246727245;0.405051594
bta1_2;9;0.365617048;0.246501272;0.387881679
bta1_2;10;0.338157592;0.25867218;0.403170227
bta1_2;11;0.360530421;0.238221529;0.40124805
bta1_2;12;0.365823566;0.213602714;0.42057372
bta6_3;1;0.382271166;0.295710766;0.322018068
bta6_3;2;0.377192344;0.320718327;0.302089329
bta6_3;3;0.403226454;0.305750992;0.291022554
bta6_3;4;0.42060783;0.303542153;0.275850017
bta6_3;5;0.365384529;0.301652768;0.332962703
bta6_3;6;0.356463038;0.296421037;0.347115925
bta6_3;7;0.351744624;0.328122351;0.320133024
bta6_3;8;0.310841165;0.293628354;0.395530481
bta6_3;9;0.37847471;0.313382681;0.308142609
bta6_3;10;0.361626389;0.3370971;0.301276511
bta6_3;11;0.387388038;0.31917237;0.293439592
bta6_3;12;0.396093619;0.302846794;0.301059587
dom2_2;1;0.3093425;0.292972456;0.397685044
dom2_2;2;0.304732909;0.342266023;0.353001068
dom2_2;3;0.335337461;0.3218814;0.342781139
dom2_2;4;0.346717276;0.293945304;0.359337421
dom2_2;5;0.332815451;0.292240766;0.374943783
dom2_2;6;0.298031777;0.334804492;0.367163731
dom2_2;7;0.304129152;0.354800518;0.34107033
dom2_2;8;0.330750426;0.305156695;0.364092879
dom2_2;9;0.307567747;0.344323702;0.348108551
dom2_2;10;0.247993719;0.388459242;0.363547039
dom2_2;11;0.292603376;0.355421243;0.351975381
dom2_2;12;0.324668273;0.316396308;0.358935419
dom3_10;1;0.300013329;0.304040327;0.395946344
dom3_10;2;0.334597779;0.341926017;0.323476204
dom3_10;3;0.344485229;0.346566916;0.308947856
dom3_10;4;0.324696671;0.295926616;0.379376713
dom3_10;5;0.347546648;0.286749597;0.365703755
dom3_10;6;0.285821113;0.354423546;0.359755341
dom3_10;7;0.275971866;0.376101229;0.347926906
dom3_10;8;0.23744048;0.306277372;0.456282147
dom3_10;9;0.307408574;0.339395439;0.353195988
dom3_10;10;0.269225463;0.399181593;0.331592944
dom3_10;11;0.319926418;0.34480421;0.335269372
dom3_10;12;0.32753094;0.297628096;0.374840964
bta3_7;1;0.452083961;0.265276732;0.282639307
bta3_7;2;0.430188564;0.287938467;0.28187297
bta3_7;3;0.422202972;0.281148726;0.296648302
bta3_7;4;0.369799077;0.275600397;0.354600526
bta3_7;5;0.334887758;0.280209237;0.384903005
bta3_7;6;0.347371888;0.302475212;0.350152899
bta3_7;7;0.410873657;0.295976314;0.293150029
bta3_7;8;0.412239793;0.290204633;0.297555574
bta3_7;9;0.461389318;0.321413198;0.217197483
bta3_7;10;0.374262416;0.30167984;0.324057744
bta3_7;11;0.420252219;0.296225217;0.283522565
bta3_7;12;0.461606846;0.256930272;0.281462882
bta1_10;1;0.358808131;0.258384801;0.382807068
bta1_10;2;0.446901422;0.272218609;0.280879969
bta1_10;3;0.458465868;0.249299809;0.292234323
bta1_10;4;0.317217101;0.351705724;0.331077174
bta1_10;5;0.300144663;0.311898547;0.38795679
bta1_10;6;0.419846065;0.276270906;0.303883029
bta1_10;7;0.392846804;0.303728578;0.303424618
bta1_10;8;0.393532224;0.264117356;0.34235042
bta1_10;10;0.385787846;0.24516365;0.369048504
bta1_10;11;0.429646948;0.244659174;0.325693878
bta1_10;12;0.418851748;0.235437612;0.34571064
bta6l_5;1;0.389834986;0.202319174;0.40784584
bta6l_5;2;0.436316744;0.209017943;0.354665313
bta6l_5;3;0.508259767;0.189601911;0.302138322
bta6l_5;4;0.555251929;0.181546306;0.263201765
bta6l_5;5;0.576233006;0.168184572;0.255582422
bta6l_5;6;0.518537214;0.19196737;0.289495416
bta6l_5;7;0.506456224;0.214856301;0.278687475
bta6l_5;8;0.478065106;0.201528985;0.320405909
bta6l_5;9;0.541600174;0.189554054;0.268845772
bta6l_5;10;0.510755586;0.195575581;0.293668833
bta6l_5;11;0.432092319;0.205065149;0.362842532
bta6l_5;12;0.422319316;0.190142973;0.387537711
bta5_1;1;0.69353624;0.215595906;0.090867854
bta5_1;2;0.676040652;0.245037796;0.078921552
bta5_1;3;0.684857974;0.247891658;0.067250368
bta5_1;4;0.688487798;0.211491691;0.100020511
bta5_1;5;0.659258587;0.238544198;0.102197215
bta5_1;6;0.665077849;0.239526455;0.095395696
bta5_1;7;0.689864402;0.216202071;0.093933527
bta5_1;8;0.693865539;0.184964844;0.121169617
bta5_1;9;0.694055506;0.224877522;0.081066972
bta5_1;10;0.686678314;0.23748745;0.075834236
bta5_1;11;0.705984965;0.211749663;0.082265372
bta5_1;12;0.713357797;0.213607713;0.07303449
bta1_c1;1;0.160488717;0.253653458;0.585857825
bta1_c1;2;0.159167727;0.280350585;0.560481688
bta1_c1;3;0.216956967;0.253586066;0.529456967
bta1_c1;4;0.22420612;0.225408793;0.550385087
bta1_c1;5;0.258682606;0.212865441;0.528451953
bta1_c1;6;0.264736829;0.220079771;0.5151834
bta1_c1;7;0.254665593;0.231550777;0.51378363
bta1_c1;8;0.258484202;0.225694683;0.515821115
bta1_c1;9;0.160981264;0.234502692;0.604516044
bta1_c1;10;0.145603154;0.272901521;0.581495325
bta1_c1;11;0.175407545;0.265273804;0.559318651
bta1_c1;12;0.186925409;0.252985725;0.560088866
bta4_1;1;0.826861263;0.128243706;0.044895031
bta4_1;2;0.755361617;0.155016364;0.089622019
bta4_1;3;0.811401102;0.125289256;0.063309642
bta4_1;4;0.816253049;0.119349052;0.064397899
bta4_1;5;0.736825356;0.127948914;0.13522573
bta4_1;6;0.713201315;0.148729957;0.138068728
bta4_1;7;0.686330307;0.17042247;0.143247223
bta4_1;8;0.699963916;0.147837984;0.1521981
bta4_1;9;0.738209901;0.143678122;0.118111977
bta4_1;10;0.763552711;0.156091077;0.080356212
bta4_1;11;0.798420729;0.128864285;0.072714986
bta4_1;12;0.880929669;0.075995154;0.043075177
bta6l_4;1;0.308005529;0.269752223;0.422242248
bta6l_4;2;0.339055753;0.3319505;0.328993748
bta6l_4;3;0.345570371;0.33389454;0.320535089
bta6l_4;4;0.320086453;0.309863014;0.370050533
bta6l_4;5;0.342761451;0.292986259;0.364252289
bta6l_4;6;0.344714948;0.308956543;0.346328508
bta6l_4;7;0.346790797;0.322774135;0.330435068
bta6l_4;8;0.407653218;0.200856377;0.391490405
bta6l_4;9;0.355073071;0.307038779;0.33788815
bta6l_4;10;0.322031196;0.326601402;0.351367403
bta6l_4;11;0.340479571;0.327569309;0.33195112
bta6l_4;12;0.342748315;0.292646504;0.364605181
bta4_5;1;0.297484831;0.242187251;0.460327918
bta4_5;2;0.327963608;0.268838005;0.403198387
bta4_5;3;0.322155293;0.269388871;0.408455836
bta4_5;4;0.319719632;0.252017869;0.428262498
bta4_5;5;0.30384547;0.233415417;0.462739113
bta4_5;6;0.315270483;0.237475721;0.447253795
bta4_5;7;0.32023666;0.252426865;0.427336474
bta4_5;8;0.296703923;0.248122956;0.455173121
bta4_5;9;0.315731417;0.275312453;0.40895613
bta4_5;10;0.289878263;0.293118009;0.417003729
bta4_5;11;0.331467183;0.253919427;0.414613389
bta4_5;12;0.336269705;0.230971208;0.432759087
bta4_4;1;0.311603847;0.247721166;0.440674987
bta4_4;2;0.337335334;0.272803068;0.389861597
bta4_4;3;0.349750386;0.269760016;0.380489597
bta4_4;4;0.364160464;0.25611461;0.379724926
bta4_4;5;0.356230274;0.250246181;0.393523545
bta4_4;6;0.366378195;0.253902993;0.379718812
bta4_4;7;0.350545754;0.277105787;0.372348459
bta4_4;8;0.337950517;0.249368833;0.41268065
bta4_4;9;0.358473675;0.275835058;0.365691266
bta4_4;10;0.342579138;0.292532727;0.364888135
bta4_4;11;0.360722634;0.26579771;0.373479656
bta4_4;12;0.347841673;0.243497824;0.408660502
bta2_c4;1;0.291631352;0.24201852;0.466350128
bta2_c4;2;0.30131777;0.273917688;0.424764542
bta2_c4;3;0.332203352;0.25567171;0.412124938
bta2_c4;4;0.314921204;0.25534728;0.429731516
bta2_c4;5;0.373025351;0.258180414;0.368794235
bta2_c4;7;0.455003926;0.264905606;0.280090468
bta2_c4;8;0.49671466;0.225841341;0.277443999
bta2_c4;9;0.478437093;0.279313236;0.24224967
bta2_c4;10;0.367046992;0.30213556;0.330817448
bta2_c4;11;0.37191359;0.24584799;0.38223842
bta2_c4;12;0.390656961;0.237567328;0.371775711
bta3_c2;1;0.30931605;0.241905063;0.448778888
bta3_c2;2;0.348228043;0.262647732;0.389124224
bta3_c2;3;0.368559277;0.2521918;0.379248923
bta3_c2;4;0.295518366;0.252021692;0.452459942
bta3_c2;5;0.328689979;0.239666366;0.431643655
bta3_c2;6;0.321035828;0.237452891;0.441511281
bta3_c2;7;0.304858264;0.264967589;0.430174147
bta3_c2;8;0.32626207;0.238307879;0.435430051
bta3_c2;9;0.338355984;0.246721296;0.41492272
bta3_c2;10;0.309960174;0.260231906;0.42980792
bta3_c2;11;0.302898215;0.249220461;0.447881324
bta3_c2;12;0.316303485;0.257122847;0.426573669
bta2_6;1;0.714714645;0.130022753;0.155262602
bta2_6;2;0.70144348;0.144567093;0.153989427
bta2_6;3;0.712470186;0.145337178;0.142192636
bta2_6;4;0.776617053;0.148866324;0.074516623
bta2_6;5;0.72982719;0.173925162;0.096247648
bta2_6;6;0.631351073;0.240777352;0.127871575
bta2_6;7;0.674820875;0.186263501;0.138915624
bta2_6;8;0.603339257;0.185022937;0.211637806
bta2_6;9;0.636499706;0.157882076;0.205618218
bta2_6;10;0.696343748;0.151895985;0.151760267
bta2_6;11;0.701785975;0.153219135;0.14499489
bta2_6;12;0.71830399;0.122929472;0.158766538
bta2_10;1;0.850021981;0.059682612;0.090295407
bta2_10;2;0.80885888;0.09516684;0.09597428
bta2_10;3;0.858583435;0.076262348;0.065154217
bta2_10;4;0.812923603;0.098603518;0.088472879
bta2_10;5;0.705411301;0.11377509;0.180813609
bta2_10;6;0.652121519;0.15317858;0.194699901
bta2_10;7;0.694131387;0.140729927;0.165138686
bta2_10;8;0.552614792;0.163621156;0.283764052
bta2_10;9;0.70370038;0.132555093;0.163744527
bta2_10;10;0.765955659;0.101003493;0.133040848
bta2_10;11;0.875109897;0.06932143;0.055568673
bta2_10;12;0.887207678;0.059070417;0.053721905
dom1_1;1;0.291108714;0.233864314;0.475026972
dom1_1;2;0.323645044;0.25351025;0.422844707
dom1_1;3;0.334931901;0.247714048;0.417354051
dom1_1;4;0.315716548;0.241026656;0.443256796
dom1_1;5;0.308002045;0.229004218;0.462993736
dom1_1;6;0.318131111;0.237745259;0.44412363
dom1_1;7;0.323125997;0.256905901;0.419968102
dom1_1;8;0.322221511;0.236163542;0.441614947
dom1_1;9;0.331207259;0.248290373;0.420502367
dom1_1;10;0.302480796;0.261365067;0.436154137
dom1_1;11;0.314233624;0.246125798;0.439640578
dom1_1;12;0.320328802;0.227062915;0.452608283
bta3_5;1;0.690710226;0.246923492;0.062366282
bta3_5;2;0.681245534;0.283345986;0.03540848
bta3_5;3;0.747728009;0.239182695;0.013089296
bta3_5;4;0.697676377;0.226584805;0.075738818
bta3_5;5;0.552998246;0.302860262;0.144141492
bta3_5;6;0.558292755;0.28772261;0.153984635
bta3_5;7;0.581549316;0.321290827;0.097159857
bta3_5;8;0.669416984;0.263999754;0.066583262
bta3_5;9;0.651113571;0.285071552;0.063814877
bta3_5;10;0.565547774;0.321005873;0.113446353
bta3_5;11;0.657031055;0.245119572;0.097849373
bta3_5;12;0.681149009;0.212879222;0.105971769
bta2_7;4;0.025775326;0.34828332;0.625941354
bta2_7;5;0.024744388;0.337481326;0.637774286
bta2_7;6;0.054143384;0.32544329;0.620413326
bta2_7;7;0.080527663;0.232414803;0.687057534
bta2_7;8;0.123751919;0.317824408;0.558423673
bta2_7;9;0.039442066;0.258844826;0.701713108
bta2_7;10;0.045506216;0.27340192;0.681091864
bta2_7;11;0.035985218;0.179118712;0.78489607
bta2_7;12;0.077106702;0.100747331;0.822145967
dom4_4;1;0.331820609;0.377107009;0.291072382
dom4_4;2;0.333721954;0.391705727;0.274572319
dom4_4;3;0.364292084;0.384304674;0.251403242
dom4_4;4;0.338814786;0.357976762;0.303208452
dom4_4;5;0.284723025;0.316410316;0.398866659
dom4_4;6;0.294806001;0.311836041;0.393357958
dom4_4;7;0.36293121;0.264666258;0.372402531
dom4_4;8;0.278144481;0.295306197;0.426549322
dom4_4;9;0.289031995;0.442420887;0.268547118
dom4_4;10;0.299741003;0.43454843;0.265710567
dom4_4;12;0.366848699;0.326587429;0.306563872
dom4_9;1;0.3052677;0.285750243;0.408982057
dom4_9;2;0.334107564;0.323240495;0.342651941
dom4_9;3;0.378015675;0.323103669;0.298880656
dom4_9;4;0.362148856;0.303665709;0.334185435
dom4_9;5;0.352853612;0.244502458;0.40264393
dom4_9;6;0.32282969;0.247958748;0.429211563
dom4_9;7;0.367703484;0.259047504;0.373249013
dom4_9;8;0.365848743;0.240151215;0.394000042
dom4_9;9;0.380415575;0.280510463;0.339073961
dom4_9;10;0.366566662;0.297723416;0.335709922
dom4_9;11;0.367953449;0.265666393;0.366380158
dom4_9;12;0.329475414;0.224604985;0.445919601
bta1_3;1;0.189650919;0.253731343;0.556617738
bta1_3;2;0.188528574;0.306089855;0.505381571
bta1_3;3;0.191420876;0.291401169;0.517177955
bta1_3;4;0.190705128;0.238553114;0.570741758
bta1_3;5;0.199802627;0.222880134;0.577317239
bta1_3;6;0.21168598;0.222702791;0.565611229
bta1_3;7;0.227200364;0.234629672;0.538169964
bta1_3;8;0.197846568;0.23097054;0.571182892
bta1_3;9;0.179576484;0.275215938;0.545207578
bta1_3;10;0.169225056;0.288313939;0.542461005
bta1_3;11;0.21059261;0.277291267;0.512116123
bta1_3;12;0.207849168;0.264581909;0.527568923
bta6l_2;1;0.558170136;0.151755868;0.290073996
bta6l_2;2;0.555250001;0.185148977;0.259601022
bta6l_2;3;0.54533675;0.185824645;0.268838605
bta6l_2;4;0.525117918;0.17194563;0.302936452
bta6l_2;5;0.537934747;0.167944102;0.294121151
bta6l_2;6;0.52981692;0.182482957;0.287700123
bta6l_2;7;0.512976809;0.191755164;0.295268028
bta6l_2;8;0.438007594;0.191901995;0.37009041
bta6l_2;9;0.54274137;0.180774502;0.276484128
bta6l_2;10;0.50957082;0.195032826;0.295396354
bta6l_2;11;0.585067859;0.166002216;0.248929925
bta6l_2;12;0.560996683;0.154663605;0.284339712
bta6_c1;1;0.605104395;0.148760521;0.246135084
bta6_c1;2;0.634667484;0.160659864;0.204672652
bta6_c1;3;0.628403454;0.170928829;0.200667717
bta6_c1;4;0.628780655;0.149832183;0.221387162
bta6_c1;5;0.699545658;0.125279702;0.17517464
bta6_c1;6;0.583035122;0.157562117;0.259402761
bta6_c1;7;0.340523942;0.246422374;0.413053684
bta6_c1;8;0.347305865;0.231615574;0.421078562
bta6_c1;9;0.623663311;0.165567838;0.210768851
bta6_c1;10;0.641191921;0.159585854;0.199222225
bta6_c1;11;0.666095123;0.141061583;0.192843294
bta6_c1;12;0.61599873;0.144835556;0.239165714
dom4_5;1;0.329084;0.278744634;0.392171366
dom4_5;2;0.28027642;0.325023026;0.394700553
dom4_5;3;0.305315731;0.311046117;0.383638152
dom4_5;4;0.324097548;0.329689973;0.346212479
dom4_5;5;0.283320901;0.342252152;0.374426947
dom4_5;6;0.363861949;0.300024004;0.336114047
dom4_5;7;0.306134297;0.360077773;0.33378793
dom4_5;8;0.2511587;0.370246411;0.378594888
dom4_5;9;0.320226918;0.363079695;0.316693387
dom4_5;10;0.479609303;0.273674298;0.246716399
dom4_5;11;0.328153092;0.313551097;0.358295811
dom4_5;12;0.311321588;0.340791822;0.34788659
dom4_6;1;0.28194476;0.213549274;0.504505966
dom4_6;2;0.347317327;0.27767803;0.375004643
dom4_6;3;0.299812314;0.32217716;0.378010526
dom4_6;4;0.342461892;0.316886749;0.340651358
dom4_6;5;0.296020058;0.288677496;0.415302446
dom4_6;6;0.310299177;0.289585547;0.400115276
dom4_6;7;0.291435496;0.306478556;0.402085948
dom4_6;8;0.319349432;0.239346059;0.441304508
dom4_6;9;0.288796801;0.294544887;0.416658312
dom4_6;10;0.313991247;0.309915352;0.376093402
dom4_6;11;0.318428566;0.296200081;0.385371353
dom4_6;12;0.34006851;0.284865152;0.375066339
dom2_6;1;0.276496304;0.240919107;0.482584589
dom2_6;2;0.326509475;0.307203081;0.366287444
dom2_6;3;0.347640454;0.269704807;0.382654739
dom2_6;4;0.215019491;0.242077505;0.542903004
dom2_6;5;0.282496602;0.270673772;0.446829626
dom2_6;6;0.254662442;0.284318231;0.461019327
dom2_6;7;0.27852024;0.302948867;0.418530893
dom2_6;8;0.392348236;0.26369013;0.343961634
dom2_6;9;0.331996409;0.320594358;0.347409232
dom2_6;10;0.279188463;0.324292703;0.396518834
dom2_6;11;0.251167939;0.330906771;0.417925289
dom2_6;12;0.388224115;0.246902935;0.36487295
dom2_1;1;0.380148763;0.328318009;0.291533228
dom2_1;2;0.330088344;0.401466678;0.268444978
dom2_1;3;0.274651707;0.421400296;0.303947997
dom2_1;4;0.229517881;0.44390695;0.326575169
dom2_1;5;0.23107065;0.396287601;0.372641748
dom2_1;6;0.301848407;0.350509571;0.347642021
dom2_1;7;0.296245034;0.420847339;0.282907627
dom2_1;8;0.350491107;0.344743828;0.304765065
dom2_1;9;0.25851573;0.428675434;0.312808836
dom2_1;10;0.254782108;0.473088684;0.272129208
dom2_1;11;0.253741719;0.415844274;0.330414006
dom2_1;12;0.308887946;0.344002601;0.347109453
bta5_10;1;0.830835749;0.126829618;0.042334633
bta5_10;2;0.833077749;0.129671248;0.037251003
bta5_10;3;0.85782391;0.106490653;0.035685437
bta5_10;4;0.839780179;0.128094212;0.032125609
bta5_10;5;0.835354579;0.127888379;0.036757042
bta5_10;6;0.828338596;0.137147044;0.03451436
bta5_10;7;0.810866526;0.145692272;0.043441202
bta5_10;9;0.83015923;0.135468312;0.034372458
bta5_10;10;0.811558503;0.159354893;0.029086604
bta5_10;11;0.829665195;0.140226725;0.03010808
bta5_3;1;0.52006802;0.189288803;0.290643177
bta5_3;2;0.532704717;0.210739705;0.256555578
bta5_3;3;0.534754086;0.205467849;0.259778065
bta5_3;4;0.473864779;0.186515527;0.339619695
bta5_3;5;0.468659448;0.203130672;0.328209881
bta5_3;6;0.510363165;0.198365022;0.291271813
bta5_3;7;0.514682719;0.219671007;0.265646274
bta5_3;8;0.519052224;0.193116865;0.287830911
bta5_3;9;0.511989069;0.195135884;0.292875047
bta5_3;10;0.490169388;0.2101056;0.299725012
bta5_3;11;0.524904762;0.202269721;0.272825517
bta5_3;12;0.55187808;0.178505687;0.269616233
bta3_2;1;0.458010719;0.248622596;0.293366685
bta3_2;2;0.403044861;0.327515747;0.269439392
bta3_2;3;0.388553272;0.348801876;0.262644853
bta3_2;4;0.325947558;0.318178001;0.355874441
bta3_2;5;0.324532659;0.288452091;0.38701525
bta3_2;6;0.33376145;0.270026105;0.396212445
bta3_2;7;0.334065967;0.278053829;0.387880204
bta3_2;8;0.332070111;0.246141359;0.42178853
bta3_2;9;0.336792073;0.298719379;0.364488548
bta3_2;10;0.320865027;0.346493328;0.332641645
bta3_2;11;0.430613173;0.324611895;0.244774933
bta3_2;12;0.430204173;0.272959574;0.296836253
bta6_1;1;0.583308848;0.145186908;0.271504244
bta6_1;2;0.618013341;0.160747583;0.221239076
bta6_1;3;0.638613231;0.155580678;0.205806091
bta6_1;4;0.641805437;0.159423666;0.198770897
bta6_1;5;0.634032734;0.151622677;0.214344589
bta6_1;6;0.616522245;0.158550888;0.224926867
bta6_1;7;0.608424581;0.169474134;0.222101285
bta6_1;8;0.559996877;0.173150265;0.266852858
bta6_1;9;0.626053553;0.157378112;0.216568335
bta6_1;10;0.652706532;0.150928367;0.196365101
bta6_1;11;0.623303771;0.158466863;0.218229366
bta6_1;12;0.617823617;0.142239073;0.23993731
bta6_5;1;0.36074407;0.234001599;0.405254331
bta6_5;2;0.381027401;0.256113972;0.362858627
bta6_5;3;0.399053965;0.255622123;0.345323912
bta6_5;4;0.389018715;0.229572812;0.381408473
bta6_5;5;0.378724014;0.234238689;0.387037297
bta6_5;6;0.384871017;0.258026472;0.357102511
bta6_5;7;0.375223666;0.278186824;0.34658951
bta6_5;8;0.369208633;0.248100479;0.382690887
bta6_5;9;0.375210164;0.272954673;0.351835163
bta6_5;10;0.352241047;0.274756239;0.373002714
bta6_5;11;0.375707672;0.257987629;0.366304699
bta6_5;12;0.37175966;0.236218307;0.392022033
dom3_3;1;0.272653341;0.326798516;0.400548143
dom3_3;2;0.297645638;0.354988903;0.347365459
dom3_3;3;0.319338449;0.340529297;0.340132254
dom3_3;4;0.28002762;0.334814794;0.385157586
dom3_3;5;0.274095539;0.308093203;0.417811257
dom3_3;6;0.297502351;0.303894783;0.398602866
dom3_3;7;0.293720694;0.331236321;0.375042985
dom3_3;8;0.330446973;0.266150698;0.40340233
dom3_3;9;0.29748473;0.312960179;0.389555091
dom3_3;10;0.263845967;0.365909612;0.370244421
dom3_3;11;0.299456001;0.332067101;0.368476898
dom3_3;12;0.317716594;0.296892436;0.38539097
bta3_c3;1;0.267919211;0.226679192;0.505401597
bta3_c3;2;0.295477591;0.2499493;0.454573109
bta3_c3;3;0.311019837;0.245827143;0.443153019
bta3_c3;4;0.269153041;0.239114459;0.4917325
bta3_c3;5;0.315577607;0.231885415;0.452536978
bta3_c3;6;0.313235437;0.232616941;0.454147622
bta3_c3;7;0.30323185;0.247025761;0.449742389
bta3_c3;8;0.316993464;0.232959851;0.450046685
bta3_c3;10;0.278551532;0.257063271;0.464385197
bta3_c3;11;0.298004129;0.238128011;0.46386786
bta3_c3;12;0.301351735;0.219302392;0.479345873
bta2_8;3;0.873109094;0.102153408;0.024737498
bta2_8;7;0.854541182;0.102690636;0.042768182
bta2_8;8;0.841563055;0.109413854;0.049023091
bta2_8;12;0.874159021;0.089296636;0.036544343
bta1_6;1;0.406718154;0.219503117;0.373778729
bta1_6;2;0.403848176;0.245294922;0.350856903
bta1_6;3;0.408208319;0.2478551;0.343936581
bta1_6;4;0.372521246;0.256047069;0.371431684
bta1_6;5;0.350413916;0.254217751;0.395368333
bta1_6;6;0.350293333;0.26656;0.383146667
bta1_6;7;0.36091954;0.272249589;0.36683087
bta1_6;8;0.365973619;0.235971384;0.398054997
bta1_6;9;0.374500736;0.257620349;0.367878915
bta1_6;10;0.366013727;0.25900506;0.374981213
bta1_6;11;0.400296296;0.241580247;0.358123457
bta1_6;12;0.399354144;0.208728838;0.391917017
bta4_c1;1;0.280933545;0.214130046;0.504936409
bta4_c1;2;0.331563533;0.241419974;0.427016493
bta4_c1;3;0.340251848;0.242964149;0.416784004
bta4_c1;4;0.300887407;0.301250956;0.397861637
bta4_c1;5;0.283721429;0.32391992;0.392358651
bta4_c1;6;0.251977728;0.327652354;0.420369919
bta4_c1;7;0.260869647;0.312452044;0.426678308
bta4_c1;8;0.296503697;0.272207069;0.431289235
bta4_c1;9;0.273662322;0.381077028;0.34526065
bta4_c1;10;0.290796621;0.288238932;0.420964448
bta4_c1;11;0.37264045;0.250200472;0.377159078
bta4_c1;12;0.275649965;0.235579726;0.488770309
bta5_4;1;0.485623771;0.186565091;0.327811138
bta5_4;5;0.336535732;0.220227348;0.443236921
bta5_4;6;0.312564806;0.27922276;0.408212434
bta5_4;7;0.283539664;0.362428245;0.354032091
bta5_4;8;0.285140497;0.338375577;0.376483926
bta5_4;9;0.372326329;0.27197957;0.355694101
bta5_4;10;0.422711364;0.281619106;0.29566953
bta5_4;11;0.640011915;0.20112107;0.158867015
bta5_4;12;0.523953246;0.18685981;0.289186944
dom2_5;1;0.301919079;0.341052295;0.357028626
dom2_5;2;0.279832542;0.366588841;0.353578617
dom2_5;3;0.355950277;0.334131227;0.309918495
dom2_5;4;0.321002118;0.235569774;0.443428108
dom2_5;5;0.311200679;0.22783199;0.460967331
dom2_5;6;0.322554181;0.233062145;0.444383674
dom2_5;7;0.325576911;0.252940798;0.421482291
dom2_5;8;0.325482762;0.23156508;0.442952158
dom2_5;9;0.338705598;0.24388393;0.417410472
dom2_5;10;0.2890442;0.270648055;0.440307745
dom2_5;11;0.425393282;0.271836021;0.302770697
dom2_5;12;0.363375218;0.2926186;0.344006182
dom3_4;1;0.420323375;0.252786214;0.326890411
dom3_4;2;0.462281657;0.294028922;0.243689421
dom3_4;3;0.333473544;0.31679334;0.349733117
dom3_4;4;0.338319177;0.3627141;0.298966723
dom3_4;5;0.33276373;0.304041686;0.363194584
dom3_4;6;0.363707487;0.321518052;0.314774462
dom3_4;7;0.361178962;0.338825963;0.299995075
dom3_4;8;0.345032875;0.270035637;0.384931488
dom3_4;9;0.356481481;0.3580905;0.285428019
dom3_4;10;0.350086679;0.391438956;0.258474365
dom3_4;11;0.42280365;0.292489583;0.284706767
dom3_4;12;0.393681964;0.327945555;0.278372481
dom4_3;1;0.293316166;0.294424333;0.412259501
dom4_3;2;0.313303689;0.334975764;0.351720546
dom4_3;3;0.308682284;0.303277649;0.388040067
dom4_3;4;0.270971945;0.379768241;0.349259814
dom4_3;5;0.248692719;0.326340543;0.424966738
dom4_3;6;0.30399987;0.290487678;0.405512453
dom4_3;7;0.300730091;0.346350247;0.352919662
dom4_3;8;0.339020171;0.274624558;0.386355271
dom4_3;9;0.293774042;0.336169173;0.370056785
dom4_3;10;0.263400429;0.33259783;0.404001741
dom4_3;11;0.331501856;0.291654009;0.376844135
dom4_3;12;0.373199533;0.239935243;0.386865224
bta3_4;1;0.51215001;0.254722768;0.233127222
bta3_4;2;0.527204697;0.270705677;0.202089626
bta3_4;3;0.535037052;0.26898056;0.195982388
bta3_4;4;0.489490333;0.242397263;0.268112404
bta3_4;5;0.479842415;0.237619581;0.282538003
bta3_4;6;0.489489329;0.242398817;0.268111854
bta3_4;7;0.489907552;0.260351643;0.249740805
bta3_4;8;0.472267008;0.251065528;0.276667464
bta3_4;9;0.446583959;0.255242778;0.298173263
bta3_4;10;0.464673185;0.281164791;0.254162024
bta3_4;11;0.515794062;0.261332766;0.222873172
bta3_4;12;0.508687792;0.233471673;0.257840534
dom3_1;1;0.309540544;0.327226997;0.363232459
dom3_1;2;0.342362633;0.41150038;0.246136987
dom3_1;3;0.333393183;0.379606483;0.287000334
dom3_1;4;0.347784295;0.378749903;0.273465802
dom3_1;5;0.34531925;0.347711439;0.306969311
dom3_1;6;0.372726114;0.337407378;0.289866507
dom3_1;7;0.346468035;0.381225384;0.272306581
dom3_1;8;0.335361681;0.350029326;0.314608993
dom3_1;9;0.345639977;0.351351533;0.30300849
dom3_1;10;0.34832409;0.371561041;0.280114869
dom3_1;11;0.381347335;0.33390768;0.284744985
dom3_1;12;0.328818189;0.302402872;0.368778939
bta4_7;1;0.380513662;0.231394528;0.38809181
bta4_7;2;0.553115662;0.200862677;0.246021661
bta4_7;3;0.383874793;0.252264643;0.363860564
bta4_7;4;0.391729678;0.231637159;0.376633163
bta4_7;5;0.381603501;0.233758911;0.384637588
bta4_7;6;0.400202143;0.230443007;0.36935485
bta4_7;7;0.399307158;0.25411793;0.346574912
bta4_7;8;0.38167198;0.231477152;0.386850868
bta4_7;9;0.395556179;0.258494951;0.34594887
bta4_7;10;0.349968653;0.267908559;0.382122788
bta4_7;11;0.352493557;0.255306206;0.392200237
bta4_7;12;0.358977045;0.237497185;0.40352577
bta5_5;1;0.285083408;0.211696718;0.503219874
bta5_5;2;0.330465229;0.238698074;0.430836697
bta5_5;3;0.343483457;0.240275627;0.416240916
bta5_5;4;0.333036976;0.226057924;0.4409051
bta5_5;5;0.311431166;0.233402993;0.455165841
bta5_5;6;0.32832216;0.233340281;0.438337558
bta5_5;7;0.332360416;0.254077092;0.413562492
bta5_5;8;0.332889056;0.227485466;0.439625478
bta5_5;9;0.352926958;0.236192316;0.410880726
bta5_5;10;0.335764332;0.2456797;0.418555969
bta5_5;11;0.346627966;0.237603682;0.415768352
bta5_5;12;0.350145863;0.203084309;0.446769828
bta2_c2;2;0.396892983;0.229000232;0.374106785
bta2_c2;3;0.81221412;0.074393634;0.113392246
bta2_c2;4;0.866565205;0.050592297;0.082842498
bta2_c2;5;0.708144406;0.101697111;0.190158483
bta2_c2;6;0.47059026;0.250714163;0.278695577
bta2_c2;7;0.55586184;0.166489538;0.277648622
bta2_c2;8;0.431035055;0.197161145;0.371803801
bta2_c2;9;0.362109455;0.230038799;0.407851746
bta2_c2;12;0.35070295;0.209686868;0.439610182
bta1_4;1;0.369457313;0.232627399;0.397915288
bta1_4;2;0.382215289;0.246316519;0.371468192
bta1_4;3;0.329706766;0.254274168;0.416019065
bta1_4;4;0.324562864;0.234637802;0.440799334
bta1_4;5;0.320916433;0.230097247;0.448986319
bta1_4;6;0.330383006;0.237206308;0.432410686
bta1_4;7;0.334796238;0.25815047;0.407053292
bta1_4;8;0.353283792;0.22394055;0.422775658
bta1_4;9;0.590284006;0.266666667;0.143049327
bta1_4;10;0.464211154;0.315389204;0.220399642
bta1_4;12;0.421989871;0.217284757;0.360725372
bta1_5;1;0.286784025;0.270493957;0.442722018
bta1_5;2;0.359205426;0.27625969;0.364534884
bta1_5;3;0.295416415;0.315012415;0.38957117
bta1_5;4;0.304333971;0.256373486;0.439292543
bta1_5;5;0.29143205;0.252625171;0.455942779
bta1_5;6;0.299503414;0.255121043;0.445375543
bta1_5;7;0.311172245;0.269142595;0.41968516
bta1_5;8;0.306088533;0.249282369;0.444629098
bta1_5;9;0.302908277;0.275913497;0.421178225
bta1_5;10;0.273555814;0.302062633;0.424381553
bta1_5;11;0.314639577;0.271639299;0.413721124
bta1_5;12;0.320187427;0.249511909;0.430300664
bta4_10;1;0.422945828;0.242944465;0.334109707
bta4_10;2;0.437615634;0.267524352;0.294860013
bta4_10;3;0.442159138;0.248077738;0.309763125
bta4_10;4;0.430622313;0.262431675;0.306946012
bta4_10;5;0.409233585;0.249787142;0.340979273
bta4_10;6;0.418162281;0.265091528;0.316746191
bta4_10;7;0.453009338;0.254680923;0.292309739
bta4_10;8;0.440009538;0.239498192;0.32049227
bta4_10;9;0.432307769;0.278024334;0.289667897
bta4_10;10;0.420983997;0.285098205;0.293917798
bta4_10;11;0.434185937;0.257294521;0.308519542
bta4_10;12;0.455211466;0.222294553;0.322493981
dom4_1;1;0.28062855;0.339479746;0.379891704
dom4_1;2;0.335321811;0.364106182;0.300572007
dom4_1;3;0.294017759;0.326214289;0.379767952
dom4_1;4;0.271196973;0.384159158;0.344643869
dom4_1;5;0.259989049;0.322847643;0.417163309
dom4_1;6;0.310439377;0.292124848;0.397435775
dom4_1;7;0.325428195;0.253952569;0.420619236
dom4_1;8;0.409290596;0.180442564;0.41026684
dom4_1;9;0.313722573;0.309348093;0.376929334
dom4_1;10;0.247912285;0.361268613;0.390819102
dom4_1;11;0.302135802;0.39628181;0.301582388
dom4_1;12;0.359187191;0.297779281;0.343033529
bta6_c5;1;0.269945295;0.335903367;0.394151338
bta6_c5;2;0.271119302;0.364705281;0.364175417
bta6_c5;3;0.291398721;0.404940026;0.303661253
bta6_c5;4;0.178631439;0.407961064;0.413407498
bta6_c5;5;0.20906268;0.44975406;0.34118326
bta6_c5;6;0.286877943;0.333651521;0.379470536
bta6_c5;7;0.222792778;0.345991386;0.431215836
bta6_c5;8;0.270729214;0.350806452;0.378464334
bta6_c5;9;0.296447676;0.360792093;0.342760231
bta6_c5;10;0.222330991;0.372872873;0.404796135
bta6_c5;11;0.210644075;0.38425763;0.405098296
bta6_c5;12;0.266772439;0.336060743;0.397166818
bta1_7;6;0.786266698;0.171549098;0.042184204
bta4_3;1;0.399910143;0.242727171;0.357362687
bta4_3;2;0.424082514;0.264811705;0.311105781
bta4_3;3;0.441262785;0.259850675;0.298886539
bta4_3;4;0.446331289;0.253675549;0.299993162
bta4_3;5;0.380724552;0.245855483;0.373419965
bta4_3;6;0.406552134;0.262545737;0.33090213
bta4_3;7;0.408979369;0.289761883;0.301258748
bta4_3;8;0.411660734;0.256118817;0.332220449
bta4_3;9;0.427887212;0.270255676;0.301857113
bta4_3;10;0.41301355;0.270684319;0.316302131
bta4_3;11;0.429642308;0.253677665;0.316680027
bta4_3;12;0.432248891;0.234608773;0.333142336
bta2_4;1;0.276273726;0.224575425;0.499150849
bta2_4;2;0.298886018;0.25065688;0.450457102
bta2_4;3;0.299314821;0.255594917;0.445090261
bta2_4;4;0.307116867;0.220037517;0.472845617
bta2_4;5;0.248881392;0.21999672;0.531121888
bta2_4;6;0.258187747;0.251688796;0.490123457
bta2_4;7;0.282129716;0.256660903;0.461209381
bta2_4;8;0.253152388;0.230884457;0.515963155
bta2_4;9;0.269016953;0.267558344;0.463424703
bta2_4;10;0.260993754;0.310468314;0.428537932
bta2_4;11;0.336982832;0.266498886;0.396518282
bta2_4;12;0.312986206;0.225851437;0.461162357
bta6_c6;1;0.290899016;0.213614044;0.49548694
bta6_c6;2;0.27143817;0.226805913;0.501755917
bta6_c6;3;0.311191729;0.210427386;0.478380885
bta6_c6;4;0.261354637;0.192884042;0.545761321
bta6_c6;5;0.508915424;0.122776981;0.368307595
bta6_c6;6;0.6278524;0.121436061;0.250711539
bta6_c6;7;0.66398159;0.13652041;0.199498
bta6_c6;8;0.606666146;0.148505191;0.244828663
bta6_c6;9;0.740994418;0.111172203;0.147833379
bta6_c6;10;0.347387833;0.190963052;0.461649114
bta6_c6;11;0.322434686;0.219175271;0.458390043
bta6_c6;12;0.312376411;0.207726572;0.479897017
bta6l_3;1;0.477519524;0.340778239;0.181702237
bta6l_3;2;0.494551031;0.357636958;0.147812011
bta6l_3;3;0.516448719;0.34407624;0.139475041
bta6l_3;4;0.47352829;0.357123774;0.169347936
bta6l_3;5;0.417838891;0.36497363;0.217187479
bta6l_3;6;0.393643902;0.342294004;0.264062094
bta6l_3;7;0.379673045;0.369623142;0.250703813
bta6l_3;8;0.384224443;0.374182318;0.241593239
bta6l_3;9;0.431985159;0.372095479;0.195919362
bta6l_3;10;0.447928291;0.379638672;0.172433038
bta6l_3;11;0.472046962;0.359489144;0.168463894
bta6l_3;12;0.498738273;0.328333921;0.172927805
bta6_c4;1;0.48165405;0.202065877;0.316280073
bta6_c4;2;0.531303925;0.206946062;0.261750013
bta6_c4;3;0.55361549;0.182543959;0.263840551
bta6_c4;4;0.514481088;0.183416488;0.302102424
bta6_c4;5;0.693438987;0.127315366;0.179245647
bta6_c4;6;0.472973822;0.179643979;0.347382199
bta6_c4;7;0.321576126;0.24369174;0.434732134
bta6_c4;8;0.333031871;0.22731252;0.439655609
bta6_c4;9;0.610615219;0.160938244;0.228446537
bta6_c4;10;0.56421446;0.164769204;0.271016336
bta6_c4;11;0.549562717;0.182307543;0.26812974
bta6_c4;12;0.505318818;0.188923745;0.305757437
dom3_9;1;0.44546131;0.235496121;0.319042569
dom3_9;2;0.461188425;0.291124169;0.247687406
dom3_9;3;0.460238188;0.319510772;0.22025104
dom3_9;4;0.407616891;0.354243192;0.238139917
dom3_9;5;0.395290636;0.37250677;0.232202594
dom3_9;6;0.395648732;0.292664826;0.311686442
dom3_9;7;0.375620492;0.240359715;0.384019793
dom3_9;8;0.334832485;0.30158828;0.363579235
dom3_9;9;0.400007895;0.324395804;0.275596301
dom3_9;10;0.441600923;0.337577172;0.220821905
dom3_9;11;0.431452849;0.290235409;0.278311743
dom3_9;12;0.452709979;0.226825236;0.320464785
bta2_c1;1;0.111187293;0.259656039;0.629156668
bta2_c1;2;0.061642116;0.307164379;0.631193505
bta2_c1;3;0.037492052;0.299362143;0.663145805
bta2_c1;4;0.01553258;0.230680452;0.753786968
bta2_c1;5;0.014324837;0.196123868;0.789551295
bta2_c1;6;0.015064432;0.160868776;0.824066792
bta2_c1;7;0.014228342;0.161101549;0.824670109
bta2_c1;8;0.014161997;0.204584819;0.781253184
bta2_c1;9;0.017881952;0.288441716;0.693676332
bta2_c1;10;0.039760745;0.311912887;0.648326368
bta2_c1;11;0.130888951;0.277411666;0.591699383
bta2_c1;12;0.147942951;0.263933077;0.588123972
bta2_9;1;0.754495181;0.129489322;0.116015497
bta2_9;2;0.772231192;0.138861685;0.088907123
bta2_9;3;0.835092136;0.107748936;0.057158928
bta2_9;4;0.81356397;0.09923385;0.08720218
bta2_9;5;0.733023971;0.111419382;0.155556647
bta2_9;6;0.693201109;0.166914949;0.139883942
bta2_9;7;0.690716845;0.151330673;0.157952482
bta2_9;8;0.641737926;0.164580085;0.193681989
bta2_9;9;0.773938732;0.121884089;0.104177179
bta2_9;10;0.725124499;0.145361313;0.129514188
bta2_9;11;0.789264935;0.116905429;0.093829636
bta2_9;12;0.812127563;0.093112357;0.09476008
dom2_9;1;0.322116687;0.320809893;0.357073419
dom2_9;2;0.378758583;0.331333574;0.289907842
dom2_9;3;0.369171864;0.366807527;0.264020609
dom2_9;4;0.486136372;0.175234772;0.338628856
dom2_9;5;0.41248238;0.187964808;0.399552812
dom2_9;6;0.339913081;0.23013635;0.429950569
dom2_9;7;0.347161047;0.248858813;0.403980139
dom2_9;8;0.328252164;0.237566206;0.43418163
dom2_9;9;0.392457924;0.285443118;0.322098958
dom2_9;10;0.316179321;0.385738442;0.298082237
dom2_9;11;0.388984945;0.281745967;0.329269088
dom2_9;12;0.430701842;0.21613669;0.353161467
bta2_5;4;0.76412173;0.193400961;0.042477309
bta2_c5;1;0.279895195;0.22298964;0.497115165
bta2_c5;2;0.304891853;0.233715085;0.461393062
bta2_c5;3;0.323148282;0.23787276;0.438978957
bta2_c5;4;0.278886404;0.235625404;0.485488192
bta2_c5;5;0.31329835;0.231171891;0.455529759
bta2_c5;6;0.310508755;0.230882962;0.458608282
bta2_c5;7;0.298410357;0.24286401;0.458725633
bta2_c5;8;0.311273152;0.231388154;0.457338695
bta2_c5;9;0.315193354;0.24180002;0.443006626
bta2_c5;10;0.29252805;0.251899641;0.455572309
bta2_c5;11;0.297521653;0.242993099;0.459485247
bta2_c5;12;0.304340304;0.215941294;0.479718402
dom4_2;1;0.281079492;0.259640292;0.459280216
dom4_2;2;0.32838051;0.278866108;0.392753383
dom4_2;3;0.312442517;0.285497711;0.402059772
dom4_2;4;0.303681228;0.271189165;0.425129607
dom4_2;5;0.305258972;0.259667959;0.435073069
dom4_2;6;0.30308075;0.268775369;0.428143881
dom4_2;7;0.30628433;0.282231927;0.411483743
dom4_2;8;0.295414747;0.268229654;0.436355599
dom4_2;9;0.310136128;0.281774557;0.408089315
dom4_2;10;0.285610156;0.303832837;0.410557007
dom4_2;11;0.317312711;0.275031416;0.407655872
dom4_2;12;0.344852412;0.23852921;0.416618378
bta5_2;1;0.298755499;0.253428171;0.44781633
bta5_2;2;0.331172416;0.269890968;0.398936617
bta5_2;3;0.335558726;0.274611494;0.38982978
bta5_2;4;0.327690028;0.264018825;0.408291147
bta5_2;5;0.318256711;0.249018223;0.432725066
bta5_2;6;0.31411216;0.253480665;0.432407175
bta5_2;7;0.323877384;0.274249629;0.401872987
bta5_2;8;0.313788206;0.25200802;0.434203774
bta5_2;9;0.314510256;0.280532554;0.40495719
bta5_2;10;0.2940696;0.298179247;0.407751153
bta5_2;11;0.325686511;0.277026317;0.397287172
bta5_2;12;0.341291878;0.243123003;0.415585119
bta3_10;1;0.588204795;0.29778573;0.114009475
bta3_10;2;0.557377433;0.336293323;0.106329244
bta3_10;3;0.56002317;0.325388855;0.114587975
bta3_10;4;0.565807422;0.303059169;0.131133409
bta3_10;5;0.532315796;0.321219147;0.146465057
bta3_10;6;0.475742175;0.354292447;0.169965378
bta3_10;7;0.459770071;0.370975058;0.169254871
bta3_10;8;0.52360849;0.330295076;0.146096434
bta3_10;9;0.5492469;0.350639372;0.100113728
bta3_10;10;0.538785796;0.374754278;0.086459926
bta3_10;11;0.597718149;0.308354279;0.093927572
bta3_10;12;0.608585774;0.295785658;0.095628568
bta5_c1;1;0.361697317;0.192850703;0.445451979
bta5_c1;2;0.352744715;0.231547052;0.415708233
bta5_c1;3;0.396363808;0.216231172;0.387405021
bta5_c1;4;0.314772289;0.22015794;0.465069771
bta5_c1;5;0.342922079;0.212105377;0.444972544
bta5_c1;6;0.32265819;0.22544098;0.45190083
bta5_c1;7;0.306071892;0.252037727;0.441890381
bta5_c1;8;0.320655503;0.228832704;0.450511793
bta5_c1;9;0.325757783;0.246591231;0.427650986
bta5_c1;10;0.368078329;0.223917818;0.408003853
bta5_c1;11;0.352491186;0.217731216;0.429777598
bta5_c1;12;0.353305512;0.202522802;0.444171686
bta1_c3;1;0.29437788;0.222242704;0.483379416
bta1_c3;2;0.325500137;0.245957797;0.428542066
bta1_c3;3;0.339197748;0.243265306;0.417536946
bta1_c3;4;0.290247086;0.245690625;0.464062289
bta1_c3;5;0.321927099;0.237211745;0.440861156
bta1_c3;6;0.320896193;0.236081178;0.443022629
bta1_c3;7;0.310835967;0.249837655;0.439326378
bta1_c3;8;0.325965919;0.23557449;0.438459592
bta1_c3;9;0.336225597;0.243524308;0.420250096
bta1_c3;10;0.310324484;0.251016923;0.438658593
bta1_c3;11;0.319671605;0.236418447;0.443909948
bta1_c3;12;0.323144909;0.214447922;0.462407169
dom3_7;1;0.355400005;0.270164526;0.37443547
dom3_7;2;0.358260729;0.318112606;0.323626666
dom3_7;3;0.367121897;0.326195042;0.306683061
dom3_7;4;0.406970797;0.298350107;0.294679096
dom3_7;5;0.344206242;0.301672688;0.35412107
dom3_7;6;0.44543727;0.295610453;0.258952277
dom3_7;7;0.322885078;0.373998062;0.30311686
dom3_7;8;0.344456116;0.232058646;0.423485238
dom3_7;9;0.383596742;0.322597403;0.293805855
dom3_7;10;0.323341818;0.332231087;0.344427096
dom3_7;11;0.403409943;0.285562123;0.311027934
dom3_7;12;0.419638741;0.250966264;0.329394995
bta3_1;1;0.359465021;0.217010575;0.423524404
bta3_1;2;0.395333243;0.233420847;0.37124591
bta3_1;3;0.408855008;0.228124519;0.363020473
bta3_1;4;0.391491358;0.223244333;0.385264309
bta3_1;5;0.376539967;0.213918586;0.409541447
bta3_1;6;0.445337484;0.209848506;0.344814009
bta3_1;7;0.479008391;0.215603597;0.305388011
bta3_1;8;0.501909764;0.186011167;0.312079069
bta3_1;9;0.438480867;0.217050906;0.344468227
bta3_1;10;0.38129406;0.236982068;0.381723873
bta3_1;11;0.407754906;0.218937283;0.373307811
bta3_1;12;0.393340726;0.206600394;0.40005888
dom2_10;1;0.386758672;0.248204855;0.365036473
dom2_10;2;0.438545144;0.283435004;0.278019852
dom2_10;3;0.430732438;0.294390401;0.274877161
dom2_10;4;0.420586102;0.278686839;0.300727059
dom2_10;5;0.360754642;0.276038832;0.363206526
dom2_10;6;0.409702173;0.270100554;0.320197273
dom2_10;7;0.392180828;0.294389006;0.313430166
dom2_10;8;0.418994154;0.269023792;0.311982054
dom2_10;9;0.425834721;0.272974232;0.301191047
dom2_10;10;0.396438685;0.300383956;0.303177359
dom2_10;11;0.434567984;0.282443624;0.282988393
dom2_10;12;0.436724624;0.254034289;0.309241087
dom2_7;1;0.257041546;0.286264367;0.456694087
dom2_7;2;0.295398142;0.349405564;0.355196294
dom2_7;3;0.271086337;0.34950242;0.379411242
dom2_7;4;0.310813295;0.396871815;0.292314891
dom2_7;5;0.347035856;0.283296356;0.369667787
dom2_7;6;0.33989228;0.401735488;0.258372232
dom2_7;7;0.337508379;0.344372998;0.318118623
dom2_7;8;0.415897695;0.270756077;0.313346228
dom2_7;9;0.313888541;0.399615503;0.286495956
dom2_7;10;0.291960675;0.350073782;0.357965543
dom2_7;11;0.28686667;0.335922641;0.377210689
dom2_7;12;0.316765088;0.340366231;0.342868681
bta2_c3;7;0.911037892;0.070016474;0.018945634
bta2_1;1;0.217530796;0.440852006;0.341617198
bta2_1;2;0.241447628;0.456669381;0.301882991
bta2_1;3;0.239888897;0.4578813;0.302229803
bta2_1;4;0.280319076;0.43692752;0.282753404
bta2_1;5;0.253511504;0.390526285;0.355962211
bta2_1;6;0.369270683;0.341352601;0.289376716
bta2_1;7;0.448334609;0.231814701;0.319850689
bta2_1;8;0.335167901;0.256860607;0.407971492
bta2_1;9;0.293774422;0.414290008;0.291935569
bta2_1;10;0.253261377;0.438481024;0.308257598
bta2_1;11;0.252666565;0.425238416;0.322095019
bta2_1;12;0.275306224;0.370487271;0.354206505
bta6_4;1;0.273067869;0.254956398;0.471975733
bta6_4;2;0.278892866;0.332890592;0.388216542
bta6_4;3;0.288097229;0.334054958;0.377847813
bta6_4;4;0.30850715;0.315073221;0.376419629
bta6_4;5;0.28463523;0.328395047;0.386969723
bta6_4;6;0.274818145;0.314492688;0.410689167
bta6_4;7;0.284850029;0.330714031;0.38443594
bta6_4;8;0.283886867;0.297589768;0.418523364
bta6_4;9;0.307747703;0.296519983;0.395732314
bta6_4;10;0.261161393;0.327246432;0.411592175
bta6_4;11;0.272803493;0.313157447;0.41403906
bta6_4;12;0.284185607;0.299127053;0.41668734
bta6_c7;1;0.341738863;0.339990953;0.318270184
bta6_c7;2;0.480768548;0.311797292;0.20743416
bta6_c7;3;0.423788677;0.364984207;0.211227117
bta6_c7;4;0.341069682;0.314228904;0.344701415
bta6_c7;5;0.352450462;0.375760884;0.271788654
bta6_c7;7;0.479088675;0.188246366;0.33266496
bta6_c7;8;0.312376517;0.237651708;0.449971775
bta6_c7;9;0.323935634;0.358985342;0.317079024
bta6_c7;10;0.352373305;0.36929048;0.278336215
bta6_c7;11;0.407062403;0.393609892;0.199327705
bta6_c7;12;0.375440308;0.3058003;0.318759392
dom3_8;1;0.286509941;0.258945099;0.45454496
dom3_8;2;0.308873436;0.28332599;0.407800574
dom3_8;3;0.2940756;0.299167366;0.406757035
dom3_8;4;0.333617272;0.273097574;0.393285154
dom3_8;5;0.341378582;0.224240832;0.434380586
dom3_8;6;0.329702268;0.243120546;0.427177186
dom3_8;7;0.301475354;0.278123012;0.420401634
dom3_8;8;0.312429308;0.260444954;0.427125738
dom3_8;9;0.285624714;0.281447039;0.432928247
dom3_8;10;0.280465753;0.285677383;0.433856864
dom3_8;11;0.293375888;0.310007303;0.396616809
dom3_8;12;0.323282922;0.248010842;0.428706236
bta4_8;1;0.556549009;0.186265017;0.257185974
bta4_8;2;0.584360629;0.181473164;0.234166207
bta4_8;3;0.606825644;0.159417203;0.233757153
bta4_8;4;0.563397627;0.169050988;0.267551385
bta4_8;5;0.569180686;0.147675446;0.283143868
bta4_8;6;0.573113605;0.156106692;0.270779703
bta4_8;7;0.558688336;0.167140218;0.274171446
bta4_8;8;0.520829898;0.167178271;0.311991831
bta4_8;9;0.593351731;0.148515152;0.258133117
bta4_8;10;0.585854896;0.153285318;0.260859786
bta4_8;11;0.5859691;0.156807962;0.257222938
bta4_8;12;0.565564353;0.18174102;0.252694627
bta4_6;1;0.307432784;0.220131381;0.472435835
bta4_6;2;0.337963394;0.241543713;0.420492893
bta4_6;3;0.356444147;0.236822635;0.406733218
bta4_6;4;0.387252551;0.225724434;0.387023015
bta4_6;5;0.374493872;0.224925641;0.400580487
bta4_6;6;0.340226829;0.230939623;0.428833548
bta4_6;7;0.366268344;0.254769313;0.378962342
bta4_6;8;0.352331415;0.228824845;0.41884374
bta4_6;9;0.362194112;0.247252867;0.390553021
bta4_6;10;0.331960358;0.245930474;0.422109168
bta4_6;11;0.343047681;0.235681682;0.421270637
bta4_6;12;0.345039498;0.207430928;0.447529575
bta6l_1;1;0.319137236;0.224253261;0.456609503
bta6l_1;2;0.376712476;0.229748345;0.393539179
bta6l_1;3;0.402796937;0.220641056;0.376562008
bta6l_1;4;0.386552192;0.203099864;0.410347944
bta6l_1;5;0.394462089;0.194774773;0.410763138
bta6l_1;6;0.482259528;0.198872507;0.318867965
bta6l_1;7;0.474626487;0.212618995;0.312754517
bta6l_1;8;0.413340758;0.224598991;0.362060251
bta6l_1;9;0.440853818;0.230149059;0.328997123
bta6l_1;10;0.390523915;0.22688428;0.382591805
bta6l_1;11;0.392709551;0.221642414;0.385648034
bta6l_1;12;0.362860583;0.204851516;0.4322879
bta6_c2;1;0.239395846;0.234109503;0.526494651
bta6_c2;2;0.260069204;0.258961938;0.480968858
bta6_c2;3;0.252606319;0.27411713;0.473276551
bta6_c2;4;0.230175439;0.256959064;0.512865497
bta6_c2;11;0.269357315;0.250493529;0.480149156
bta6_c2;12;0.273731968;0.23278269;0.493485342
bta3_3;1;0.585596937;0.265238032;0.149165031
bta3_3;2;0.628471621;0.267748872;0.103779507
bta3_3;3;0.665225731;0.235454963;0.099319306
bta3_3;4;0.6626645;0.278209157;0.059126343
bta3_3;5;0.655901274;0.263823246;0.08027548
bta3_3;6;0.636582379;0.309995928;0.053421693
bta3_3;7;0.595035816;0.350607478;0.054356706
bta3_3;8;0.566363822;0.328587701;0.105048477
bta3_3;9;0.607167175;0.281023435;0.11180939
bta3_3;10;0.581611199;0.329764999;0.088623802
bta3_3;11;0.654326702;0.250015937;0.095657361
bta3_3;12;0.642204049;0.211370716;0.146425235
bta5_7;1;0.27141647;0.230504376;0.498079154
bta5_7;2;0.320519449;0.29044233;0.389038221
bta5_7;3;0.355458157;0.266011298;0.378530544
bta5_7;4;0.398095465;0.233377564;0.368526971
bta5_7;5;0.325759154;0.237442054;0.436798792
bta5_7;6;0.428538261;0.240260623;0.331201116
bta5_7;7;0.515685206;0.208503134;0.27581166
bta5_7;8;0.44319205;0.244824848;0.311983102
bta5_7;9;0.499187759;0.22211839;0.278693851
bta5_7;10;0.430373896;0.257981227;0.311644877
bta5_7;11;0.52539661;0.17800996;0.29659343
bta5_7;12;0.437215657;0.202034038;0.360750305
dom2_3;1;0.358248021;0.30704242;0.334709559
dom2_3;2;0.367807496;0.286275955;0.345916549
dom2_3;3;0.42637038;0.300427577;0.273202043
dom2_3;4;0.380890327;0.286440912;0.33266876
dom2_3;5;0.415477671;0.273737592;0.310784737
dom2_3;6;0.361519713;0.300996717;0.33748357
dom2_3;7;0.421446793;0.269319422;0.309233785
dom2_3;8;0.406915536;0.281921572;0.311162892
dom2_3;9;0.451718715;0.252630228;0.295651058
dom2_3;10;0.401187037;0.305465316;0.293347647
dom2_3;11;0.382514305;0.292150545;0.32533515
dom2_3;12;0.392431995;0.263541973;0.344026032
bta4_c2;1;0.595653717;0.13459641;0.269749873
bta4_c2;2;0.648757085;0.133405526;0.217837389
bta4_c2;3;0.708714857;0.109926299;0.181358844
bta4_c2;4;0.719255148;0.102497556;0.178247296
bta4_c2;5;0.770777237;0.090536488;0.138686275
bta4_c2;6;0.526978464;0.149235521;0.323786015
bta4_c2;7;0.38522288;0.221066512;0.393710608
bta4_c2;8;0.409163596;0.2023587;0.388477704
bta4_c2;9;0.636065691;0.150180333;0.213753976
bta4_c2;10;0.664830654;0.132543956;0.20262539
bta4_c2;11;0.705895109;0.104434062;0.189670829
bta4_c2;12;0.639171477;0.119067912;0.241760611
bta1_c2;1;0.289856437;0.221416804;0.488726759
bta1_c2;2;0.320415879;0.244591472;0.434992649
bta1_c2;3;0.333277977;0.241038172;0.425683851
bta1_c2;4;0.285270783;0.241758242;0.472970975
bta1_c2;5;0.319792404;0.232413305;0.447794291
bta1_c2;6;0.316192879;0.232657417;0.451149704
bta1_c2;7;0.306206253;0.24619692;0.447596827
bta1_c2;8;0.318632907;0.23293452;0.448432573
bta1_c2;9;0.330547001;0.241384367;0.428068632
bta1_c2;10;0.30383997;0.249219711;0.44694032
bta1_c2;11;0.314794053;0.23548623;0.449719717
bta1_c2;12;0.319421546;0.213575769;0.467002685
bta2_3;1;0.24981109;0.393596153;0.356592757
bta2_3;2;0.287113926;0.345412339;0.367473735
bta2_3;3;0.275289114;0.440590865;0.284120021
bta2_3;4;0.319776211;0.430793784;0.249430005
bta2_3;5;0.24742268;0.336521424;0.416055896
bta2_3;7;0.331797235;0.251612903;0.416589862
bta2_3;8;0.331491713;0.230202578;0.438305709
bta2_3;9;0.305842403;0.353953851;0.340203746
bta2_3;10;0.296496734;0.367307064;0.336196203
bta2_3;11;0.345600403;0.346942511;0.307457087
bta2_3;12;0.254748373;0.35419182;0.391059807
bta3_6;1;0.469253777;0.248643738;0.282102485
bta3_6;2;0.504148356;0.248673438;0.247178206
bta3_6;3;0.528674972;0.251812013;0.219513015
bta3_6;4;0.622368001;0.231516191;0.146115808
bta3_6;5;0.629325076;0.262795459;0.107879465
bta3_6;6;0.589329314;0.30500414;0.105666546
bta3_6;7;0.609835253;0.283338216;0.106826531
bta3_6;8;0.565271852;0.244099111;0.190629037
bta3_6;9;0.642585237;0.261895895;0.095518868
bta3_6;10;0.629762461;0.283293204;0.086944335
bta3_6;11;0.639604355;0.239444701;0.120950944
bta3_6;12;0.528280337;0.204113359;0.267606304
bta3_c1;1;0.365833121;0.20240267;0.43176421
bta3_c1;2;0.356640303;0.235671889;0.407687807
bta3_c1;3;0.379389708;0.221287016;0.399323276
bta3_c1;4;0.357850998;0.213519807;0.428629195
bta3_c1;5;0.245810113;0.221046922;0.533142965
bta3_c1;6;0.185659313;0.216502665;0.597838022
bta3_c1;7;0.155019642;0.261373296;0.583607062
bta3_c1;8;0.171022151;0.231563667;0.597414182
bta3_c1;9;0.450307608;0.23083218;0.318860212
bta3_c1;10;0.452891554;0.224587738;0.322520708
bta3_c1;11;0.416415417;0.221990076;0.361594508
bta3_c1;12;0.390798714;0.202685025;0.406516261
dom4_10;1;0.327215973;0.236137273;0.436646754
dom4_10;2;0.290764053;0.342550066;0.366685881
dom4_10;3;0.354620056;0.339602039;0.305777905
dom4_10;4;0.311327311;0.327032662;0.361640028
dom4_10;5;0.298896365;0.337819034;0.363284601
dom4_10;6;0.30937161;0.294843484;0.395784906
dom4_10;7;0.356475758;0.293915128;0.349609115
dom4_10;8;0.368908151;0.24901111;0.382080739
dom4_10;9;0.325691757;0.312896985;0.361411258
dom4_10;10;0.345178037;0.295830199;0.358991763
dom4_10;11;0.361676343;0.242769548;0.395554109
dom4_10;12;0.364651527;0.24963195;0.385716523
bta1_1;1;0.384682238;0.205975014;0.409342749
bta1_1;2;0.388429752;0.236441116;0.375129132
bta1_1;3;0.418749639;0.237025919;0.344224441
bta1_1;4;0.449947414;0.251266852;0.298785735
bta1_1;5;0.443240206;0.238519589;0.318240206
bta1_1;6;0.428961323;0.239394885;0.331643793
bta1_1;7;0.418752565;0.225379565;0.35586787
bta1_1;8;0.372688118;0.232961743;0.394350139
bta1_1;9;0.401184028;0.232522988;0.366292984
bta1_1;10;0.379975665;0.24300365;0.377020685
bta1_1;11;0.405538529;0.22854641;0.365915061
bta1_1;12;0.407761885;0.209192259;0.383045856
bta6_c3;1;0.371559819;0.428443509;0.199996672
bta6_c3;2;0.365716056;0.453606438;0.180677506
bta6_c3;3;0.310871501;0.476621988;0.212506511
bta6_c3;4;0.306297913;0.395715747;0.29798634
bta6_c3;5;0.314717189;0.327922902;0.357359908
bta6_c3;6;0.397517416;0.257372578;0.345110006
bta6_c3;7;0.422607892;0.266153739;0.311238369
bta6_c3;8;0.473882014;0.226025899;0.300092086
bta6_c3;9;0.314426643;0.402240247;0.28333311
bta6_c3;10;0.269442252;0.496540428;0.23401732
bta6_c3;11;0.374029753;0.424584172;0.201386074
bta6_c3;12;0.36342573;0.394456423;0.242117847
bta1_8;1;0.258370248;0.246162563;0.495467189
bta1_8;2;0.29124804;0.262036123;0.446715837
bta1_8;3;0.287244616;0.258144671;0.454610712
bta1_8;4;0.287435975;0.227779452;0.484784574
bta1_8;5;0.282983508;0.212331334;0.504685157
bta1_8;6;0.282961665;0.222057536;0.494980799
bta1_8;7;0.272689995;0.233665938;0.493644067
bta1_8;8;0.253116138;0.225285234;0.521598628
bta1_8;9;0.26797619;0.257797619;0.47422619
bta1_8;10;0.261423002;0.276061418;0.46251558
bta1_8;11;0.299098635;0.248416173;0.452485192
bta1_8;12;0.289111511;0.239507854;0.471380635
bta2_c7;1;0.075770128;0.275590421;0.648639451
bta2_c7;2;0.053640993;0.296719426;0.649639581
bta2_c7;3;0.025416061;0.290175213;0.684408726
bta2_c7;4;0.000543896;0.220766049;0.778690055
bta2_c7;5;0.00048036;0.194069587;0.805450053
bta2_c7;6;0;0.142967303;0.857032697
bta2_c7;7;0;0.138837333;0.861162667
bta2_c7;8;0;0.179518637;0.820481363
bta2_c7;9;0.002534745;0.278582735;0.71888252
bta2_c7;10;0.021433911;0.311952149;0.66661394
bta2_c7;11;0.102151537;0.279534868;0.618313595
bta2_c7;12;0.102281276;0.277113502;0.620605222
dom4_7;1;0.306327112;0.228969245;0.464703643
dom4_7;2;0.340726593;0.243389889;0.415883518
dom4_7;3;0.356269807;0.243979806;0.399750388
dom4_7;4;0.358076789;0.236139876;0.405783335
dom4_7;5;0.335670843;0.231148212;0.433180946
dom4_7;6;0.331353388;0.275296631;0.393349981
dom4_7;7;0.361681845;0.299112911;0.339205244
dom4_7;8;0.384265416;0.219185273;0.396549311
dom4_7;9;0.345861869;0.265165944;0.388972187
dom4_7;10;0.324013638;0.245896857;0.430089506
dom4_7;11;0.335770744;0.264654894;0.399574363
dom4_7;12;0.340736115;0.22209553;0.437168356
dom2_8;1;0.179063702;0.367600994;0.453335304
dom2_8;2;0.17090169;0.471557798;0.357540511
dom2_8;3;0.181460986;0.465919972;0.352619042
dom2_8;4;0.229458536;0.479479109;0.291062355
dom2_8;5;0.153946383;0.449449375;0.396604242
dom2_8;6;0.218604124;0.403170642;0.378225235
dom2_8;7;0.351128665;0.293439027;0.355432308
dom2_8;8;0.336621604;0.302110382;0.361268014
dom2_8;9;0.261723641;0.370796774;0.367479586
dom2_8;10;0.181575939;0.466516739;0.351907322
dom2_8;11;0.146609809;0.435961974;0.417428217
dom2_8;12;0.28481734;0.36504769;0.35013497
dom2_4;1;0.296594709;0.262118391;0.4412869
dom2_4;2;0.308461181;0.291979021;0.399559798
dom2_4;3;0.30907751;0.287709415;0.403213075
dom2_4;4;0.272953934;0.310390664;0.416655402
dom2_4;5;0.292034553;0.279901278;0.428064169
dom2_4;6;0.267638334;0.298078163;0.434283503
dom2_4;7;0.625333333;0.270666667;0.104
dom2_4;8;0.635501355;0.25203252;0.112466125
dom2_4;9;0.642465753;0.253424658;0.104109589
dom2_4;10;0.253838376;0.299517232;0.446644392
dom2_4;11;0.32203888;0.271250574;0.406710546
dom2_4;12;0.316817011;0.256836064;0.426346925
bta2_c6;1;0.097072559;0.292801979;0.610125462
bta2_c6;2;0.065853743;0.335217779;0.598928478
bta2_c6;3;0.036477039;0.32114476;0.642378201
bta2_c6;4;0.028483982;0.230077968;0.74143805
bta2_c6;5;0.041193763;0.190346969;0.768459268
bta2_c6;6;0.040781407;0.15848029;0.800738303
bta2_c6;7;0.109158152;0.17870215;0.712139698
bta2_c6;8;0.091700117;0.193027321;0.715272562
bta2_c6;9;0.0323759;0.296182426;0.671441674
bta2_c6;10;0.045794855;0.320568397;0.633636748
bta2_c6;11;0.098880475;0.315133936;0.585985589
bta2_c6;12;0.121000631;0.295508246;0.583491123
dom4_8;1;0.326647279;0.301121728;0.372230993
dom4_8;2;0.396517277;0.341475358;0.262007365
dom4_8;3;0.437396542;0.302542446;0.260061012
dom4_8;4;0.26120582;0.369273018;0.369521163
dom4_8;5;0.274864735;0.356420608;0.368714657
dom4_8;6;0.333669492;0.321924144;0.344406363
dom4_8;7;0.384748512;0.31399441;0.301257078
dom4_8;9;0.382676643;0.30978405;0.307539307
dom4_8;10;0.33053077;0.340557446;0.328911784
dom4_8;11;0.381487481;0.293518158;0.324994361
dom4_8;12;0.389242699;0.309137157;0.301620144
bta5_9;1;0.186965823;0.2888879;0.524146277
bta5_9;2;0.213048476;0.316117962;0.470833562
bta5_9;3;0.241904168;0.33581819;0.422277642
bta5_9;4;0.392158062;0.273910592;0.333931346
bta5_9;5;0.356988625;0.304807193;0.338204183
bta5_9;6;0.345492539;0.297180923;0.357326538
bta5_9;7;0.340497863;0.303975079;0.355527058
bta5_9;8;0.321216947;0.238564077;0.440218976
bta5_9;9;0.265505638;0.288247895;0.446246467
bta5_9;10;0.212210106;0.31990827;0.467881624
bta5_9;11;0.215393586;0.323202875;0.461403539
bta5_9;12;0.225219232;0.280539723;0.494241045
bta2_2;1;0.514355708;0.15803444;0.327609852
bta2_2;2;0.525602833;0.17363336;0.300763807
bta2_2;3;0.534985585;0.171655331;0.293359084
bta2_2;4;0.526817089;0.166661905;0.306521006
bta2_2;5;0.467741136;0.175949071;0.356309793
bta2_2;6;0.523074103;0.171531554;0.305394343
bta2_2;7;0.546538423;0.174478568;0.278983009
bta2_2;8;0.556865159;0.158495117;0.284639724
bta2_2;9;0.543049946;0.171744163;0.285205891
bta2_2;10;0.523802158;0.174967827;0.301230015
bta2_2;11;0.521245908;0.169855175;0.308898917
bta2_2;12;0.547511208;0.145054933;0.307433859
dom3_5;1;0.267794041;0.23080696;0.501398999
dom3_5;2;0.344914537;0.235061479;0.420023984
dom3_5;3;0.348582982;0.217292938;0.43412408
dom3_5;4;0.330417053;0.255144977;0.41443797
dom3_5;5;0.311574578;0.252174985;0.436250437
dom3_5;6;0.344501835;0.23575071;0.419747455
dom3_5;7;0.361325642;0.24989838;0.388775978
dom3_5;8;0.351416133;0.259096023;0.389487844
dom3_5;9;0.395603033;0.255869633;0.348527334
dom3_5;10;0.356812995;0.266292892;0.376894114
dom3_5;11;0.364628173;0.233180226;0.402191601
dom3_5;12;0.290663974;0.214530551;0.494805475
bta1_9;1;0.329423648;0.262499879;0.408076473
bta1_9;2;0.388278205;0.286999101;0.324722694
bta1_9;4;0.328788055;0.278612832;0.392599113
bta1_9;5;0.342234389;0.288577892;0.369187719
bta1_9;6;0.369785338;0.27582017;0.354394492
bta1_9;7;0.423223015;0.260503369;0.316273616
bta1_9;8;0.35253724;0.290475025;0.356987734
bta1_9;9;0.397815521;0.2560396;0.346144879
bta1_9;10;0.350266646;0.296222197;0.353511156
bta1_9;11;0.40569079;0.226074365;0.368234844
bta1_9;12;0.356952148;0.231870612;0.41117724
